Titles,Prices,Links
Sapphire Radeon RX 6800 16GB Nitro+  (11305-01-20G),"609,50€",https://www.bestprice.gr/item/2157061320/sapphire-radeon-rx-6600-8gb-pulse.html?bpref=top-in-category
Sapphire Radeon RX 6800 16GB Nitro+,"625,38€",https://www.bestprice.gr/item/2156705554/sapphire-radeon-rx-6900-xt-16gb-nitro-se-oc.html?bpref=top-in-category
VGA SAPPHIRE NITRO+ RADEON RX 6800 16GB Gaming GDDR6 OC  (UEFI),"626,54€",https://www.bestprice.gr/item/2156628541/sapphire-radeon-rx-6700-xt-12gb-pulse.html?bpref=top-in-category
SAPPHIRE NITRO+ RX 6800 16 GB GDDR6,"631,96€",https://www.bestprice.gr/item/2157866456/sapphire-radeon-rx-6700-10gb-gaming-oc.html?bpref=top-in-category
Sapphire Radeon RX 6800 16GB Nitro+  (11305-01-20G),"643,50€",https://www.bestprice.gr/item/2156415767/sapphire-radeon-rx-6800-xt-16gb-nitro-se.html?bpref=top-in-category
Sapphire Radeon RX 6800 Nitro+ 16GB GDDR6 11305-01-20G,"719,13€",https://www.bestprice.gr/item/2157583311/sapphire-radeon-rx-6650-xt-8gb-pulse.html?bpref=top-in-category
"Sapphire Radeon Nitro+ RX 6800 16GB GDDR6, 256-Bit, HDMI, DP  (11305-01-20G)","759,04€",https://www.bestprice.gr/item/2156967593/sapphire-radeon-rx-6900-xt-16gb-toxic.html?bpref=top-in-category
Sapphire NITRO+ RX 6800 - graphics card - Radeon RX 6800 - 16 GB,"767,00€",https://www.bestprice.gr/item/2157170784/sapphire-radeon-rx-6900-xt-16gb-toxic-limited-edition-11308-13-20g.html?bpref=top-in-category
Sapphire Radeon RX 6800 16GB Nitro+,"961,50€",https://www.bestprice.gr/item/2156893339/sapphire-radeon-rx-6600-xt-8gb-nitro.html?bpref=top-in-category
